bce_number,name,status
0200065765,Intergemeentelijke Vereniging Veneco,AC
0200068636,Farys,AC
0200171970,Sanatorium-Hospitaal van Lemberge,AC
0200245711,Intercommunaal Sanatorium Denderoord,AC
0200305493,Intergemeentelijk Samenwerkingsverband voor ruimtelijke ordening en socio-economische expansie,AC
0200362210,in BW Association Intercommunale,AC
0200362408,Intercommunale Sociale du Brabant wallon,AC
0200420410,Congregatie der Gasthuiszusters-Augustinessen van Diest,AC
0200420608,Congregatie der Gasthuiszusters van Poperinge,AC
0200448421,Liefdadige Congregatie der Gasthuiszusters,AC
0200450005,"Liefdadige Congregatie der Zwarte Zusters van Brugge, Oostende en Menen (VL - Brugge)",AC
0200762878,VLOTTER,AC
0200881951,Intercommunale Maatschappij voor de Ruimtelijke Ordening en de Economisch- Sociale Expansie van het Arrondissement Halle-Vilvoorde,AC
0200882050,Intercommunale maatschappij voor de Sanering van het Dal der Molenbeek en Pontbeek,AC
0201105843,"""I.D.E.A. S.C""",AC
0201107526,ASSOCIATION INTERCOMMUNALE DU BOIS D'HAVRE,AC
0201107922,INTERCOMMUNALE DU RESEAU SOCIAL D'INSERTION ET D'ACCUEIL,AC
0201183146,Société Intercommunale de l'Electricité de la Dendre et du Canton de Lens,AC
0201310731,NOORDLIMBURGSE MAATSCHAPPIJ VOOR DE OPRICHTING VAN EEN INDUSTRIEPARK IN NOORD-LIMBURG,AC
0201310929,IGL,AC
0201311028,Intercommunale Maatschappij voor Ruimtelijke Ontwikkeling in Limburg,AC
0201311226,FLUVIUS,AC
0201339039,Provinciale Limburgse Intercommunale Gasmaatschappij,AC
0201400011,SOCIETE INTERCOMMUNALE BEP - EXPANSION ECONOMIQUE,AC
0201400110,Association Intercommunale des Eaux du Condroz,AC
0201400209,Société intercommunale BEP-Environnement,AC
0201456924,Intercommunale de distribution d'Eau de Tihange et environs,AC
0201543234,TIBI,AC
0201543828,Société Intercommunale Mixte d'Electricité de l'Est et du Centre du Hainaut,AC
0201552538,Oeuvres Sociales Intercommunale,AC
0201568473,Union intercommunale pour l'Exécution des Travaux de Voutement et d'Amélioration des Ruisseaux de Lodelinsart,AC
0201645281,CENEO,AC
0201712587,Association Intercommunale d'Electricité du Sud du Hainaut,AC
0201717438,Intercommunale pour le Développement Economique et l'Aménagement du Territoire du Sud-Hainaut,AC
0201741786,Intercommunale pour la Gestion et la Réalisation d'Etudes Techniques et Economiques,AC
0201760592,Compagnie Intercommunale Distribution d'Eau du Centre,AC
0201808401,Intercommunale de Santé HARMEGNIES - ROLLAND,AC
0201978150,Société Intercommunale des Voies d'Accès à l'Aérodrome de Bruxelles - Intercommunale Maatschappij van de Toegangswegen tot de Luchthaven van Brussel,AC
0202082078,Intercommunale van Brabant voor Electriciteit en Gas,AC
0202239951,PROXIMUS,AC
0202268754,CREDIT SOCIAL LOGEMENT,AC
0202320224,Intercommunale laitière du Canton de Saint-Vith,AC
0202329033,Association Intercommunale des Eaux de La Calamine,AC
0202395052,Compagnie Intercommunale Liégeoise des Eaux,AC
0202414452,Port Autonome de Liège,AC
0202470177,INAGO,AC
0202492151,Association Intercommunale d'Electricité de l'Ouest du Hainaut,AC
0202500267,Intercommunale de Développement Economique et d'Aménagement du Territoire du Hainaut Occidental,AC
0202500465,Association Intercommunale pour la Distribution de l'Eau Potable pour Tournai et Extensions,AC
0202508878,Intercommunale d'Oeuvres médico-sociales des Arrondissements de Tournai - Ath - Mouscron et Cantons limitrophes,AC
0202554113,ASSOCIATION INTERCOMMUNALE DE SANTE DE LA BASSE-SAMBRE,AC
0202554608,Association Intercommunale des Eaux de la Molignée,AC
0202555004,Association Intercommunale d'Etudes et d'Exploitation d'Electricité et de Gaz,AC
0202718122,Intercommunale Mij Voor Het Verwijd. en Verniet. Van Huisvuil,AC
0202962701,VIVAQUA,AC
0203071973,BRULABO,AC
0203201340,Banque Nationale  de Belgique,AC
0203211040,Holding Communal - Gemeentelijke Holding - Gemeindliche Holding,AC
0203286759,Ducroire,AC
0203375049,Société Intercommunale de Propreté Publique,AC
0203375148,Intercommunale pour le Traitement des Immondices du Sud-Ouest de l'Agglomération Bruxelloise,AC
0203389204,Société Coopérative Intercommunale de Crémation,AC
0203430576,SOCIÉTÉ NATIONALE DES CHEMINS DE FER BELGES,AC
0203683766,Tijdelijke Vereniging Norabel,AC
0203884397,Compagnie Intercommunale des Eaux de Source d'Evegnée et Extensions,AC
0203949131,Intercommunale pour l'Etude et la Construction d'Egouts dans la Région Liègeoise,AC
0203963680,ASSOCIATION INTERCOMMUNALE POUR LE DEMERGEMENT ET L'EPURATION DES COMMUNES DE LA PROVINCE DE LIEGE,AC
0203978726,ECETIA FINANCES,AC
0203980409,CENTRE HOSPITALIER BOIS DE L'ABBAYE,AC
0203989614,Intercommunale de Distribution d'Eau de Nandrin - Tinlot et Environs,AC
0204212714,Interkommunale Ontwikkelingsmaatschappij voor de Kempen,AC
0204245277,ENODIA,AC
0204259135,SPI,AC
0204259927,Intercommunale pour l'Autoroute E5 - Intercommunale vereniging voor de Autosnelweg E5,AC
0204359994,IDELUX Eau,AC
0204360093,Association intercommunale d'aide aux handicapés de la région,AC
0204360489,Intercommunale des Oeuvres Médico-Sociales de Lorraine,AC
0204395925,Intercommunale des Eaux du Plateau d'Awans,AC
0204396024,Intercommunale de Distribution d'Eau d'Awans et Environs,AC
0204396222,Intercommunale de l' Abattoir des Awirs,AC
0204419976,Distribution intercommunale des Eaux de Hollogne-aux-Pierres et Jemeppe-sur-Meuse,AC
0204421461,Intercommunale d'Oeuvres Sociales et Médico-Sociales,AC
0204518263,Conférence Brésil Plata,AC
0204908936,Pidpa,AC
0204923881,Water-Link,AC
0205097392,Maatschappij van de Brugse Zeehaven,AC
0205157869,West-Vlaamse Intercommunale,AC
0205264668,Intercommunale Waterleidingsmaatschappij van Veurne Ambacht,AC
0205350681,INTERCOMMUNALE LEIEDAL,AC
0205620501,S.C. COMPAGNIE INTERCOMMUNALE DES EAUX DE LA SOURCE DE LES AVINS GROUPE DE CLAVIER,AC
0205764318,CRELAN,AC
0205774810,Intercommunale Maatschappij voor de Ruimtelijke Ordening en de Economische Sociale Expansie van het Arrondissement Leuven,AC
0205797475,Association Intercommunale pour le développement économique durable de la Province de Luxembourg,AC
0205970788,Société Intercommunale pour l'Assainissement et l'Aménagement de la Vallée de la Woluwe,AC
0206041757,Intercommunale pure de financement du Brabant Wallon,AC
0206048091,Skeyes,AC
0206157761,"ACADEMIE INTERCOMMUNALE DE MUSIQUE, DE DANSE ET DES ARTS DE LA PAROLE DE COURT-SAINT-ÉTIENNE ET OTTIGNIES-LOUVAIN-LA-NEUVE",AC
0206414218,Abattoir communal de Chimay,AC
0206460639,Intergemeentelijk Samenwerkingsverband van het Land van Waas,AC
0206491422,Commune de Court-Saint-Etienne,AC
0206491917,Commune de Mont-Saint-Guibert,AC
0206492511,Régie de l'Electricité de Wavre,AC
0206492610,Commune de Perwez,AC
0206492907,Théatre Royal de la Monnaie - Koninklijke Muntschouwburg,AC
0206524777,Ville de Virton,AC
0206524876,Ville d'Arlon,AC
0206538536,Gemeentelijk Slachthuisbedrijf van Geel,AC
0206543781,Ville de Neufchâteau,AC
0206544474,Commune de Hotton,AC
0206544672,Commune de Gedinne,AC
0206544969,Ville de Bouillon,AC
0206545266,Abattoir Communal de Bertrix,AC
0206545464,Abattoir Communal de Saint-Hubert,AC
0206545662,Abattoir Communal de La Roche,AC
0206559025,Regle van Telegraaf en Telefoon (Gewest Hasselt),AC
0206561993,Gemeente Steenokkerzeel,AC
0206562092,Gemeente Hoeilaart,AC
0206564666,Ville de Saint-Hubert,AC
0206564963,Commune de Libin,AC
0206565656,Commune de Daverdisse,AC
0206565755,Commune de Wellin,AC
0206565953,Commune de Herbeumont,AC
0206566052,Commune de Paliseul,AC
0206567042,Commune de Bertrix,AC
0206567339,Commune de Léglise,AC
0206578722,Ville de La Roche-en-Ardenne,AC
0206578821,Commune de Tenneville,AC
0206582284,Commune d'Anderlecht,AC
0206593667,Centrale Electrique,AC
0206607129,Banc d'Epreuves des Armes a Feu de Liège,AC
0206618215,Ville d'Eupen,AC
0206621183,Ville de Limbourg,AC
0206621282,Commune de Pepinster,AC
0206621678,Commune de Baelen,AC
0206621975,Commune de Welkenraedt,AC
0206625935,Ville de Walcourt,AC
0206626331,Ville de Philippeville,AC
0206626925,Ville de Couvin,AC
0206628707,Ville de Châtelet,AC
0206636526,Gemeente Nijlen,AC
0206642563,Ville de Nivelles,AC
0206644444,Commune de Dison,AC
0206644741,Ville de Verviers,AC
0206645533,Intercommunale Belge d'Electricité Centrale de Monceau-sur-Sambre,AC
0206646721,Intercommunale des Oeuvres Sociales,AC
0206653946,Institut National d'Assurance Maladie-Invalidité,AC
0206667606,Ville d'Enghien,AC
0206677801,Gemeente Brasschaat,AC
0206677997,Gemeente Schoten,AC
0206684927,Stad Blankenberge,AC
0206690271,Ville de Fosses-la-Ville,AC
0206691756,Intercommunale du Gaz et de l'Electricité,AC
0206694528,Bestuur der Posterijen,AC
0206695419,Fabrique d'Eglise Anglicane - Eglise Anglicane Unifiée - United Anglican Church (BR - Bruxelles),AC
0206700763,Ville de Malmédy,AC
0206700862,Ville de Houffalize,AC
0206701159,Commune d'Anhée,AC
0206701753,Ville de Ciney,AC
0206702050,Ville de Dinant,AC
0206703040,Commune de Florennes,AC
0206704525,Commune de Houyet,AC
0206705713,Commune d'Onhaye,AC
0206706109,Ville de Rochefort,AC
0206706604,Commune d'Yvoir,AC
0206731546,Ligue Européenne de Coopération Economique,AC
0206731645,Office National de Sécurité Sociale,AC
0206731744,Caisse de Prévoyance des Ouvriers Mineurs,AC
0206732338,Bureau permanent des Oeuvres nationales des Victimes de Guerre,AC
0206732437,Caisse Auxiliaire d'Assurance Maladie-Invalidité,AC
0206732536,Caisse Auxiliaire de Paiement des Allocations de Chômage,AC
0206732932,Office National des Vacances Annuelles,AC
0206733130,Conseil central de l'Économie,AC
0206733229,Conseil National du Travail,AC
0206734021,Conseil supérieur des Indépendants et des petites et moyennes Entreprises,AC
0206734318,Agence fédérale des risques professionnels,AC
0206734417,Fonds des Construction de l'Enseignement supérieur et des Cités universitaires de l'Etat,AC
0206734516,Fonds des Constructions scolaires et parascolaires de l'Etat,AC
0206735110,Gemeenschappelijke kas voor de koopvaardij,AC
0206735506,Institut Economique et social des classes moyennes - Economisch en sociaal instituut voor de middenstand,AC
0206735803,Institut pour l'encouragement de la Recherche scientifique dans l'Industrie et l'Agriculture,AC
0206736001,Etablissement des assurances sociales d'Eupen-Malmédy,AC
0206737088,Office d'identification-Identificatiedienst,AC
0206737484,Office National de l'Emploi,AC
0206737880,Orchestre national de Belgique,AC
0206738078,Service fédéral des Pensions,AC
0206751837,Stad Poperinge,AC
0206767574,IGEAN dienstverlening,AC
0206768366,Commune de Spa,AC
0206772722,ASSOCIATION INTERCOMMUNALE D'OEUVRES MEDICO-SOCIALES DE MORLANWELZ ET ENVIRONS,AC
0206848639,Intergemeentelijke Maatschappij voor Openbare Gezondheid in Zuid-West-Vlaanderen,AC
0207067482,Stad Tongeren-Borgloon,AC
0207078568,Commune de Saint-Vith,AC
0207087872,"Dender, Durme en Schelde",AC
0207142411,Société de Transports Intercommunaux de l'Aglomération Verviétoise,AC
0207145181,Régie des Eaux de la Ville de Wavre,AC
0207146864,Office de la Coopération au Développement,AC
0207146963,Provinciale Limburgse Elektriciteitsdienst,AC
0207147458,Rijkstechnisch en Landbouwinstituut,AC
0207147656,Institut d'Enseignement Technique de l'Etat,AC
0207147854,Rijksinstituut voor Technisch Onderwijs,AC
0207148052,Openbaar Centrum voor Maatschappelijk Welzijn van Genk,AC
0207148250,Ville de Péruwelz,AC
0207165769,Fluvius Limburg,AC
0207201797,Stad Genk,AC
0207202193,Commune de Saint-Josse-ten-Noode,AC
0207215160,Gemeente Vorselaar,AC
0207227731,Commune de Grez-Doiceau,AC
0207258514,Ville d'Andenne,AC
0207274350,Ville de Genappe,AC
0207274647,Commune de Chaumont-Gistoux,AC
0207275538,Commune de Villers-la-Ville,AC
0207277122,Commune de Waterloo,AC
0207277617,Commune de Rixensart,AC
0207279397,Commune de Bernissart,AC
0207279793,Commune d'Ittre,AC
0207280090,Commune de Brugelette,AC
0207280387,Commune de Courcelles,AC
0207281476,Ville d'Ath,AC
0207282169,Commune de Gerpinnes,AC
0207282268,Commune de La Hulpe,AC
0207283654,Commune de Pont-à-Celles,AC
0207283951,Commune de Seneffe,AC
0207284248,Commune de Chapelle-lez-Herlaimont,AC
0207284347,Ville de Fontaine-l'Evêque,AC
0207284644,Commune de Montigny-le-Tilleul,AC
0207286129,Commune de Boussu,AC
0207286822,Commune de Dour,AC
0207287713,Commune de Frameries,AC
0207288604,Commune de Beauvechain,AC
0207289295,Commune de Jurbise,AC
0207290681,Commune de Lens (Hainaut),AC
0207291572,Commune de Quaregnon,AC
0207292463,Ville de Saint-Ghislain,AC
0207293651,Ville de Comines-Warneton,AC
0207294047,Ville de Braine-le-Comte,AC
0207294443,Ville de Mouscron,AC
0207297017,Ville du Roeulx,AC
0207297116,Ville de Lessines,AC
0207298106,Commune d'Anderlues,AC
0207298502,Ville de Beaumont,AC
0207298995,Ville de Soignies,AC
0207299589,Ville de Binche,AC
0207300678,Ville de Chimay,AC
0207300876,Commune d'Erquelinnes,AC
0207301767,Commune de Froidchapelle,AC
0207302559,Commune de Lobbes,AC
0207303054,Commune de Momignies,AC
0207303747,Commune de Merbes-le-Château,AC
0207306717,Ville d'Antoing,AC
0207307311,Ville de Thuin,AC
0207308596,Commune de Celles (lez-Tournai),AC
0207309091,Commune d'Estaimpuis,AC
0207309784,Commune de Beloeil,AC
0207310774,Ville de Charleroi,AC
0207312259,Commune d'Ellezelles,AC
0207312358,Commune de Flobecq,AC
0207312457,Commune de Quiévrain,AC
0207312952,Commune de Braine-l'Alleud,AC
0207313348,Ville de Fleurus,AC
0207314041,Commune de Tubize,AC
0207315229,Commune de Braine-le-Château,AC
0207316021,Ville de Wavre,AC
0207316714,Ville de Chièvres,AC
0207318197,Commune de Farciennes,AC
0207318593,Commune de Manage,AC
0207330471,Commune d'Amay,AC
0207332352,Commune de Pecq,AC
0207333441,Commune de Hamoir,AC
0207333738,Commune de Héron,AC
0207333837,Commune de Ferrières,AC
0207334035,Commune de Marchin,AC
0207334134,Commune de Modave,AC
0207334332,Ville de Huy,AC
0207334431,Commune de Nandrin,AC
0207334728,Commune d'Ouffet,AC
0207336213,Commune de Verlaine,AC
0207336708,Commune de Villers-le-Bouillet,AC
0207337104,Commune de Wanze,AC
0207338092,Ville d'Ans,AC
0207338389,Commune d'Awans,AC
0207338686,Commune d'Aywaille,AC
0207338884,Commune de Bassenge,AC
0207339280,Commune de Beyne-Heusay,AC
0207339973,Commune de Chaudfontaine,AC
0207340369,Commune de Comblain-au-Pont,AC
0207340468,Commune de Dalhem,AC
0207340963,Commune d'Esneux,AC
0207341557,Commune de Fléron,AC
0207342745,Ville de  Herstal,AC
0207343636,Commune de Juprelle,AC
0207343933,Ville de Liège,AC
0207345418,Commune d'Oupeye,AC
0207346705,Commune de Saint-Nicolas,AC
0207347002,Ville de Seraing,AC
0207347396,Commune de Soumagne,AC
0207347495,Commune de Sprimont,AC
0207347891,Ville de Marche-en-Famenne,AC
0207348584,Ville de Chiny,AC
0207348782,Commune d'Étalle,AC
0207348980,Ville de Florenville,AC
0207350762,Commune d'Assesse,AC
0207353831,Commune de Burdinne,AC
0207354920,Ville de Tournai,AC
0207355019,Commune de Rumes,AC
0207355118,Commune de Clavier,AC
0207355811,Commune de Floreffe,AC
0207358581,Commune d'Ohey,AC
0207359967,Commune d'Eghezée,AC
0207361452,Commune de Sombreffe,AC
0207362343,Commune de Gesves,AC
0207362739,Ville de Namur,AC
0207364818,Commune de Doische,AC
0207365016,Commune de Mettet,AC
0207365115,Commune de Cerfontaine,AC
0207365610,Commune d'Etterbeek,AC
0207365709,Commune d'Evere,AC
0207366501,Commune de Molenbeek-Saint-Jean,AC
0207366895,Commune de Jette,AC
0207366994,Commune de Woluwé-Saint-Pierre,AC
0207367489,Commune de Forest,AC
0207367588,Commune de Saint-Gilles,AC
0207367687,Commune de Schaerbeek,AC
0207367984,Commune de Raeren,AC
0207368380,Gemeente Linter,AC
0207368875,Commune d'Uccle,AC
0207368974,Commune de Lontzen,AC
0207369271,Ville de Visé,AC
0207370459,Commune d'Aubel,AC
0207371647,Ville de Herve,AC
0207372043,Commune de Profondeville,AC
0207372538,Commune de Koekelberg,AC
0207372637,Commune de Watermael-Boitsfort,AC
0207372736,Commune d'Olne,AC
0207373429,Ville de Bruxelles,AC
0207373627,Commune de Theux,AC
0207374617,Commune de Berloz,AC
0207375310,Commune de Braives,AC
0207375904,Commune de Crisnée,AC
0207376102,Commune de Donceel,AC
0207376397,Commune de Fexhe-le-Haut-Clocher,AC
0207376595,Commune de Geer,AC
0207376991,Ville de Hannut,AC
0207378080,Commune de Lincent,AC
0207378773,Commune d'Oreye,AC
0207379268,Commune de Remicourt,AC
0207379466,Commune de Saint-Georges-sur-Meuse,AC
0207380159,Ville de Waremme,AC
0207380258,Commune de Wasseiges,AC
0207380456,Commune d'Attert,AC
0207380555,Ville d'Aubange,AC
0207381446,Commune de Martelange,AC
0207381644,Commune de Messancy,AC
0207383129,Commune de Fauvillers,AC
0207384812,Commune de Vielsalm,AC
0207386196,Ville de Durbuy,AC
0207386295,Commune d'Érezée,AC
0207387978,Commune de Rendeux,AC
0207389859,Commune de Woluwe-Saint-Lambert,AC
0207389958,Commune de La Calamine,AC
0207391344,Commune de Tellin,AC
0207391443,Commune de Meix-devant-Virton,AC
0207391641,Commune de Musson,AC
0207392433,Commune de Saint-Léger (Lux.),AC
0207392928,Commune de Tintigny,AC
0207394116,Ville de Beauraing,AC
0207394215,Commune de Bièvre,AC
0207396292,Commune de Hamois,AC
0207396490,Commune de Havelange,AC
0207399757,Commune de Somme-Leuze,AC
0207400846,Commune de Bullange,AC
0207401044,Commune de Ganshoren,AC
0207401341,Commune d'Ixelles,AC
0207401935,Commune de Nassogne,AC
0207402331,Commune d'Amel,AC
0207402430,Commune de Lierneux,AC
0207402628,Commune de Jalhay,AC
0207403222,Commune de Waimes,AC
0207403915,Ville de Stavelot,AC
0207404014,Commune de Stoumont,AC
0207409457,Commune d'Incourt,AC
0207410546,Commune de Hensies,AC
0207410645,Commune de Silly,AC
0207430342,Gemeente Kuurne,AC
0207430441,Stad Mesen,AC
0207431332,Gemeente Ichtegem,AC
0207431629,Gemeente Moorslede,AC
0207432124,Gemeente Zonnebeke,AC
0207432520,Stad Roeselare,AC
0207432916,Gemeente Pittem,AC
0207433312,Stad Menen,AC
0207433708,Stad Waregem,AC
0207434203,Gemeente Dentergem,AC
0207434597,Gemeente De Panne,AC
0207435092,Gemeente Bredene,AC
0207435785,Gemeente Lichtervelde,AC
0207436676,Gemeente Oostrozebeke,AC
0207436775,Stad Oostende,AC
0207437468,Stad Aalst,AC
0207437864,Gemeente Wielsbeke,AC
0207438458,Stad Tielt,AC
0207439151,Gemeente Haaltert,AC
0207439448,Gemeente Herzele,AC
0207439745,Gemeente Denderleeuw,AC
0207440438,Gemeente Lede,AC
0207441527,Stad Ninove,AC
0207443012,Gemeente Sint-Lievens-Houtem,AC
0207444990,Stad Zottegem,AC
0207445287,Gemeente Buggenhout,AC
0207445485,Gemeente Berlare,AC
0207445584,Stad Dendermonde,AC
0207445782,Gemeente Hamme (Vl.),AC
0207445881,Gemeente Laarne,AC
0207446079,Gemeente Lebbeke,AC
0207447069,Gemeente Waasmunster,AC
0207447366,Gemeente Wetteren,AC
0207447465,Gemeente Wichelen,AC
0207447663,Gemeente Zele,AC
0207447861,Gemeente Assenede,AC
0207448158,Stad Eeklo,AC
0207448356,Gemeente Kaprijke,AC
0207448554,Gemeente Maldegem,AC
0207448851,Gemeente Sint-Laureins,AC
0207449346,Gemeente Zelzate,AC
0207450633,Gemeente Destelbergen,AC
0207451128,Gemeente Evergem,AC
0207451227,Stad Gent,AC
0207451326,Gemeente Gavere,AC
0207452514,Gemeente Lochristi,AC
0207454294,Gemeente Oosterzele,AC
0207456868,Gemeente Zulte,AC
0207460432,Stad Ronse,AC
0207463402,Stad Lokeren,AC
0207464093,Gemeente Sint-Gillis-Waas,AC
0207464192,Stad Sint-Niklaas,AC
0207464489,Gemeente Stekene,AC
0207464588,Gemeente Temse,AC
0207465083,Gemeente As,AC
0207465281,Stad Beringen,AC
0207465974,Gemeente Diepenbeek,AC
0207466469,Gemeente Gingelom,AC
0207466766,Gemeentebestuur van Halen,AC
0207466964,Stad Hasselt,AC
0207467162,Stad Herk-de-Stad,AC
0207468152,Gemeente Leopoldsburg,AC
0207468350,Gemeente Lummen,AC
0207469142,Gemeente Nieuwerkerken (Limb.),AC
0207469934,Stad Sint-Truiden,AC
0207471221,Gemeente Zonhoven,AC
0207471320,Gemeente Zutendaal,AC
0207471518,Gemeente Bocholt,AC
0207471617,Stad Bree,AC
0207471716,Stad Dilsen-Stokkem,AC
0207472904,Gemeente Kinrooi,AC
0207473102,Stad Lommel,AC
0207473201,Stad Maaseik,AC
0207474189,Stad Peer,AC
0207474882,Gemeente Alken,AC
0207475377,Stad Bilzen-Hoeselt,AC
0207476862,Gemeente Heers,AC
0207477456,Gemeente Herstappe,AC
0207478743,Gemeente Lanaken,AC
0207480921,Gemeente Riemst,AC
0207483691,Gemeente Wellen,AC
0207484186,Gemeente Drogenbos,AC
0207484285,Gemeente Kraainem,AC
0207484384,Gemeente Linkebeek,AC
0207484582,Gemeente Zwevegem,AC
0207484681,Stad Ieper,AC
0207484780,Gemeente Anzegem,AC
0207485374,Stad Geraardsbergen,AC
0207485473,Gemeente Ingelmunster,AC
0207485770,Gemeente Avelgem,AC
0207485869,Stad Nieuwpoort,AC
0207487354,Gemeente Ledegem,AC
0207488344,Gemeente Staden,AC
0207488443,Gemeente Deerlijk,AC
0207488641,Gemeente Wevelgem,AC
0207489037,Stad Izegem,AC
0207490621,Gemeente Hooglede,AC
0207491215,Stad Oudenburg,AC
0207491413,Stad Gistel,AC
0207491710,Gemeente Lendelede,AC
0207492502,Stad Harelbeke,AC
0207493391,Stad Wervik,AC
0207494480,Gemeente Koksijde,AC
0207494579,Stad Veurne,AC
0207494678,Stad Kortrijk,AC
0207495074,Gemeente Alveringem,AC
0207495470,Gemeente Wingene,AC
0207495668,Gemeente Middelkerke,AC
0207499133,Gemeente Zoersel,AC
0207499430,Stad Mechelen,AC
0207499727,Gemeente Putte,AC
0207500123,Stad Antwerpen,AC
0207500321,Gemeente Brecht,AC
0207500420,Gemeente Bornem,AC
0207501113,Gemeente Willebroek,AC
0207501311,Gemeente Ranst,AC
0207501410,Gemeente Lint,AC
0207501707,Gemeente Schilde,AC

